FID,TANKID,Include,Sex,Diet,P,L,E,P_L,Tank,Family,Wet_wt,Dry_wt,Fat_free_wt,Ashed_wt,Fat,Protein,Pwater,Pfat,Pash,Pprotein,Energy_fat,Energy_protein,Total_energy,P_F,Diff_P_F,Testes_wt,Wt_body,Sperm_y,P_end
MT031,M11M,y,m,1,67.5,6.6,19.3,10.22727273,M11,f107,0.7079,0.1968,0.146,0.0206,0.0508,0.1254,72.2,25.8,10.46,63.74,2.01,2.97,4.983903684,2.468503937,-7.75876879,NA,NA,n,y
MT034,M12L,y,f,2,59.3,13,20.2,4.561538462,M12,f107,1.8417,0.5868,0.3504,0.0654,0.2364,0.285,68.1,40.3,11.14,48.57,9.36,6.76,16.11678833,1.205583756,-3.355954706,NA,1.9,n,y
MT035,M12M,y,f,2,59.3,13,20.2,4.561538462,M12,f102,0.9053,0.2956,0.2013,0.0483,0.0943,0.153,67.3,31.9,16.35,51.75,3.73,3.63,7.358962503,1.622481442,-2.93905702,NA,0.97,n,y
MT036,M12S,y,f,2,59.3,13,20.2,4.561538462,M12,f115,0.8992,0.2773,0.2028,0.0464,0.0745,0.1564,69.2,26.9,16.72,56.4,2.95,3.71,6.658407686,2.099328859,-2.462209603,NA,0.96,n,y
MT039,M13L,y,m,3,51.6,20.5,22.2,2.517073171,M13,f115,1.7119,0.6586,0.3832,0.0823,0.2754,0.3009,61.5,41.8,12.5,45.69,10.91,7.13,18.03691157,1.092592593,-1.424480578,NA,1.88,n,y
MT037,M13M,y,m,3,51.6,20.5,22.2,2.517073171,M13,f107,0.9757,0.3522,0.2262,0.0522,0.126,0.174,63.9,35.8,14.82,49.41,4.99,4.12,9.11278262,1.380952381,-1.13612079,0.0049,1.09,y,y
MT038,M13S,y,m,3,51.6,20.5,22.2,2.517073171,M13,f102,0.924,0.3142,0.2097,0.0493,0.1045,0.1604,66,33.3,15.69,51.04,4.14,3.8,7.940177656,1.53492823,-0.982144941,0.0074,0.99,y,y
MT042,M14L,y,f,4,33.2,3.9,17.5,8.512820513,M14,f115,0.8644,0.2319,0.1756,0.0264,0.0563,0.1492,73.2,24.3,11.38,64.35,2.23,3.54,5.765013864,2.65008881,-5.862731703,NA,0.94,n,y
MT041,M14M,y,f,4,33.2,3.9,17.5,8.512820513,M14,f102,0.6965,0.2013,0.1762,0.0469,0.0251,0.1292,71.1,12.5,23.31,64.21,1,3.06,4.058586582,5.147410359,-3.365410154,NA,0.81,n,y
MT040,M14S,y,f,4,33.2,3.9,17.5,8.512820513,M14,f107,0.3656,0.0992,0.0849,0.0189,0.0143,0.066,72.9,14.4,19.07,66.49,0.57,1.56,2.130333066,4.615384615,-3.897435898,NA,0.49,n,y
MT045,M15L,y,m,5,31.2,19.2,21.5,1.625,M15,f115,1.2192,0.4241,0.2808,0.0678,0.1433,0.213,65.2,33.8,15.99,50.22,5.68,5.05,10.72248777,1.486392184,-0.138607816,0.0066,1.4,y,y
MT090,M1L,y,m,1,67.5,6.6,19.3,10.22727273,M1,f108,1.5989,0.5175,0.3761,0.0697,0.1414,0.3064,67.6,27.3,13.47,59.2,5.6,7.26,12.86112991,2.166902405,-8.060370322,0.0079,1.77,y,y
MT089,M1M,y,m,1,67.5,6.6,19.3,10.22727273,M1,f109,1.2141,0.3945,0.2832,0.0526,0.1113,0.2306,67.5,28.2,13.33,58.45,4.41,5.47,9.873201426,2.071877808,-8.155394919,0.0058,1.26,y,y
MT088,M1S,y,m,1,67.5,6.6,19.3,10.22727273,M1,f112,0.3356,0.0937,0.074,0.0128,0.0197,0.0612,72.1,21,13.7,65.33,0.78,1.45,2.229092446,3.106598985,-7.120673742,0.0043,0.39,y,y
MT101,M4L,y,f,4,33.2,3.9,17.5,8.512820513,M4,f109,1.2387,0.3223,0.2588,0.0415,0.0635,0.2174,74,19.7,12.87,67.44,2.51,5.15,7.664911733,3.423622047,-5.089198466,NA,1.34,n,y
MT100,M4M,y,f,4,33.2,3.9,17.5,8.512820513,M4,f108,1.0925,0.3184,0.2456,0.0458,0.0728,0.1997,70.9,22.9,14.4,62.72,2.88,4.73,7.617945063,2.743131868,-5.769688645,NA,1.15,n,y
MT102,M4S,y,f,4,33.2,3.9,17.5,8.512820513,M4,f112,0.9046,0.2508,0.2255,0.0646,0.0253,0.161,72.3,10.1,25.74,64.19,1,3.82,4.815660719,6.363636364,-2.149184149,NA,0.99,n,y
MT073,M5L,y,m,5,31.2,19.2,21.5,1.625,M5,f115,0.7241,0.2067,0.1746,0.0477,0.0321,0.1269,71.5,15.5,23.08,61.37,1.27,3.01,4.279013275,3.953271028,2.328271028,0.0058,0.79,y,y
MT074,M5M,y,m,5,31.2,19.2,21.5,1.625,M5,f107,0.6851,0.2092,0.172,0.0453,0.0372,0.1267,69.5,17.8,21.65,60.58,1.47,3,4.475958102,3.405913978,1.780913978,0.0034,0.77,y,y
MT075,M5S,y,m,5,31.2,19.2,21.5,1.625,M5,f106,0.5728,0.1826,0.1396,0.0338,0.043,0.1058,68.1,23.5,18.52,57.94,1.7,2.51,4.209269291,2.460465116,0.835465116,0.0034,0.6,y,y
MT126,M6L,y,f,5,31.2,19.2,21.5,1.625,M6,f112,0.941,0.3163,0.2,0.0492,0.1163,0.1508,66.4,36.8,15.57,47.66,4.61,3.57,8.178281119,1.296646604,-0.328353396,NA,NA,n,y
MT125,M6S,y,f,5,31.2,19.2,21.5,1.625,M6,f105,0.2956,0.0871,0.0701,0.0175,0.017,0.0526,70.5,19.5,20.12,60.35,0.67,1.25,1.919500632,3.094117647,1.469117647,NA,0.35,n,y
MT149,M7L,y,m,4,33.2,3.9,17.5,8.512820513,M7,f107,0.9828,0.3443,0.24,NA,0.1043,NA,65,30.3,NA,NA,4.13,NA,NA,NA,NA,0.0075,1.1,y,n
MT150,M7M,y,m,4,33.2,3.9,17.5,8.512820513,M7,f105,0.7166,0.218,0.1748,0.0377,0.0432,0.1372,69.6,19.8,17.28,62.92,1.71,3.25,4.96009847,3.175925926,-5.336894587,0.0074,0.82,y,y
MT148,M7S,y,m,4,33.2,3.9,17.5,8.512820513,M7,f106,0.7021,0.2078,0.141,0.0139,0.0668,0.127,70.4,32.1,6.71,61.14,2.65,3.01,5.656536333,1.901197605,-6.611622908,NA,0.78,n,y
MT094,M9S,y,m,2,59.3,13,20.2,4.561538462,M9,f112,0.8574,0.2789,0.2071,0.0517,0.0718,0.1554,67.5,25.8,18.53,55.72,2.84,3.68,6.527554176,2.164345404,-2.397193058,0.0047,0.97,y,y
MT048,N1L,y,f,5,31.2,19.2,21.5,1.625,N1,f105,1.0434,0.347,0.2347,0.0369,0.1123,0.1978,66.7,32.4,10.63,57,4.45,4.69,9.135405257,1.761353517,0.136353517,NA,1.17,n,y
MT046,N1M,y,f,5,31.2,19.2,21.5,1.625,N1,f102,1.0625,0.3771,0.2114,0.0395,0.1657,0.1719,64.5,43.9,10.47,45.6,6.56,4.07,10.63529125,1.037417019,-0.587582981,NA,1.07,n,y
MT047,N1S,y,f,5,31.2,19.2,21.5,1.625,N1,f115,0.8801,0.2793,0.1917,0.0329,0.0876,0.1588,68.3,31.4,11.79,56.85,3.47,3.76,7.231922315,1.812785388,0.187785388,NA,0.99,n,y
MT049,N2L,y,m,4,33.2,3.9,17.5,8.512820513,N2,f115,0.9668,0.2895,0.2423,0.0635,0.0472,0.1788,70.1,16.3,21.94,61.77,1.87,4.24,6.105864117,3.788135593,-4.72468492,0.006,1.1,y,y
MT050,N2S,y,m,4,33.2,3.9,17.5,8.512820513,N2,f107,0.4884,0.1396,0.1199,0.0299,0.0197,0.09,71.4,14.1,21.44,64.47,0.78,2.13,2.911602974,4.568527919,-3.944292594,0.0063,0.58,y,y
MT127,N3L,y,f,3,51.6,20.5,22.2,2.517073171,N3,f107,1.2866,0.4132,0.284,0.0625,0.1292,0.2215,67.9,31.3,15.13,53.62,5.11,5.25,10.36511162,1.714396285,-0.802676886,NA,1.68,n,y
MT129,N3M,y,f,3,51.6,20.5,22.2,2.517073171,N3,f112,1.0374,0.3027,0.2177,0.0641,0.085,0.1535,70.8,28.1,21.19,50.72,3.37,3.64,7.006103139,1.805882353,-0.711190818,NA,0.86,n,y
MT076,N4L,y,m,2,59.3,13,20.2,4.561538462,N4,f107,1.1918,0.398,0.2753,0.0608,0.1227,0.2146,66.6,30.8,15.27,53.91,4.86,5.08,9.942910205,1.748981255,-2.812557207,0.0038,1.27,y,y
MT077,N4M,y,m,2,59.3,13,20.2,4.561538462,N4,f115,1.0542,0.3502,0.2262,0.062,0.124,0.1641,66.8,35.4,17.71,46.87,4.91,3.89,8.802075395,1.323387097,-3.238151365,0.0125,1.16,y,y
MT078,N4S,y,m,2,59.3,13,20.2,4.561538462,N4,f106,0.179,0.0499,0.0394,0.0089,0.0105,0.0305,72.1,21.1,17.85,61.05,0.42,0.72,1.138904239,2.904761905,-1.656776557,NA,0.22,n,y
MT130,N5L,y,f,1,67.5,6.6,19.3,10.22727273,N5,f107,1.1907,0.3928,0.2966,0.0724,0.0962,0.2242,67,24.5,18.43,57.07,3.81,5.31,9.124019117,2.330561331,-7.896711396,NA,1.24,n,y
MT132,N5M,y,f,1,67.5,6.6,19.3,10.22727273,N5,f112,1.2269,0.3642,0.2724,0.0439,0.0918,0.2285,70.3,25.2,12.06,62.73,3.64,5.41,9.050935528,2.489106754,-7.738165973,NA,0.95,n,y
MT131,N5S,y,f,1,67.5,6.6,19.3,10.22727273,N5,f105,0.4435,0.1336,0.1082,0.0185,0.0254,0.0897,69.9,19,13.85,67.11,1.01,2.12,3.1321184,3.531496063,-6.695776664,NA,0.52,n,y
MT112,O10L,y,f,5,31.2,19.2,21.5,1.625,O10,f107,1.2272,0.3944,0.2796,0.0588,0.1148,0.2208,67.9,29.1,14.92,55.98,4.54,5.23,9.777489016,1.923344948,0.298344948,NA,1.34,n,y
MT114,O10S,y,f,5,31.2,19.2,21.5,1.625,O10,f112,0.9079,0.3117,0.2147,0.039,0.097,0.1758,65.7,31.1,12.51,56.39,3.84,4.17,8.004893078,1.812371134,0.187371134,NA,1.02,n,y
MT136,O11L,y,m,5,31.2,19.2,21.5,1.625,O11,f106,1.2493,0.4027,0.2769,0.055,0.1258,0.2219,67.8,31.2,13.66,55.1,4.98,5.26,10.24102803,1.76391097,0.13891097,NA,1.29,n,y
MT137,O11S,y,m,5,31.2,19.2,21.5,1.625,O11,f107,1.045,0.3699,0.2239,0.0368,0.146,0.1871,64.6,39.5,9.95,50.57,5.78,4.43,10.21676339,1.281506849,-0.343493151,NA,NA,n,y
MT117,O12L,y,f,4,33.2,3.9,17.5,8.512820513,O12,f112,1.3273,0.4155,0.3065,0.0753,0.109,0.2312,68.7,26.2,18.12,55.65,4.32,5.48,9.795592749,2.121100917,-6.391719596,NA,1.44,n,y
MT115,O12M,y,f,4,33.2,3.9,17.5,8.512820513,O12,f107,0.8476,0.2452,0.2207,0.0625,0.0245,0.1582,71.1,10,25.51,64.52,0.97,3.75,4.717706282,6.457142857,-2.055677656,0.0063,1.06,y,y
MT116,O12S,y,f,4,33.2,3.9,17.5,8.512820513,O12,f105,0.5217,0.1566,0.1365,0.0356,0.0201,0.101,70,12.8,22.71,64.48,0.79,2.39,3.187823774,5.024875622,-3.487944891,NA,0.63,n,y
MT082,O13L,y,m,3,51.6,20.5,22.2,2.517073171,O13,f112,1.6864,0.6636,0.3769,0.0813,0.2867,0.2956,60.6,43.2,12.25,44.55,11.35,7.01,18.35782539,1.031042902,-1.486030269,0.0094,1.84,y,y
MT084,O13M,y,m,3,51.6,20.5,22.2,2.517073171,O13,f108,1.5119,0.5792,0.3523,0.0765,0.2269,0.2758,61.7,39.2,13.2,47.62,8.99,6.54,15.52269395,1.215513442,-1.301559729,0.0066,1.7,y,y
MT083,O13S,y,m,3,51.6,20.5,22.2,2.517073171,O13,f109,1.3218,0.467,0.2837,0.0552,0.1833,0.2285,64.7,39.2,11.82,48.93,7.26,5.42,12.67349341,1.246590289,-1.270482882,0.0042,1.52,y,y
MT118,O14L,y,f,2,59.3,13,20.2,4.561538462,O14,f107,1.2513,0.4187,0.3055,0.0715,0.1132,0.234,66.5,27,17.07,55.88,4.48,5.55,10.02957744,2.067137809,-2.494400653,NA,1.39,n,y
MT119,O14M,y,f,2,59.3,13,20.2,4.561538462,O14,f105,0.5692,0.1655,0.14,0.0283,0.0255,0.1117,70.9,15.4,17.12,67.49,1.01,2.65,3.655619851,4.380392157,-0.181146305,NA,0.7,n,y
MT120,O14S,y,f,2,59.3,13,20.2,4.561538462,O14,f112,0.5385,0.1533,0.1336,0.0451,0.0197,0.0885,71.5,12.8,29.45,57.71,0.78,2.1,2.876155553,4.492385787,-0.069152675,NA,0.64,n,y
MT139,O15L,y,m,1,67.5,6.6,19.3,10.22727273,O15,f106,1.9092,0.6561,0.467,0.0998,0.1891,0.3673,65.6,28.8,15.2,55.98,7.49,8.7,16.19164649,1.94235854,-8.284914187,NA,2.15,n,y
MT141,O15M,y,m,1,67.5,6.6,19.3,10.22727273,O15,f105,0.7967,0.2475,0.1836,0.0292,0.0639,0.1544,68.9,25.8,11.78,62.38,2.53,3.66,6.191418665,2.41627543,-7.810997297,0.0056,0.91,y,y
MT140,O15S,y,m,1,67.5,6.6,19.3,10.22727273,O15,f107,0.7659,0.2351,0.1772,0.0432,0.0579,0.1341,69.3,24.6,18.36,57.04,2.29,3.18,5.46888017,2.316062176,-7.911210551,0.0057,0.87,y,y
MT053,O1L,y,m,5,31.2,19.2,21.5,1.625,O1,f107,1.0629,0.4031,0.2386,0.047,0.1645,0.1916,62.1,40.8,11.66,47.52,6.52,4.54,11.0549649,1.164741641,-0.460258359,0.016,1.18,y,y
MT052,O1M,y,m,5,31.2,19.2,21.5,1.625,O1,f115,0.9023,0.2854,0.194,0.034,0.0914,0.16,68.4,32,11.91,56.06,3.62,3.79,7.411261018,1.750547046,0.125547046,0.0104,1.01,y,y
MT113,O10M,y,f,5,31.2,19.2,21.5,1.625,O10,f105,1.103,0.3388,0.2402,0.0505,0.0986,0.1897,69.3,29.1,14.91,55.98,3.9,4.5,8.399622293,1.923935091,0.298935091,NA,1.27,n,y
MT054,O1S,y,m,5,31.2,19.2,21.5,1.625,O1,f106,0.3364,0.1144,0.0844,0.0211,0.03,0.0634,66,26.2,18.43,55.38,1.19,1.5,2.687976296,2.113333333,0.488333333,0.005,0.37,n,y
MT055,O2L,y,f,4,33.2,3.9,17.5,8.512820513,O2,f102,0.7721,0.2119,0.197,0.0502,0.0149,0.1468,72.6,7,23.7,69.27,0.59,3.48,4.068823791,9.852348993,1.33952848,NA,0.87,n,y
MT056,O2M,y,f,4,33.2,3.9,17.5,8.512820513,O2,f115,0.6481,0.181,0.1472,0.0245,0.0338,0.1227,72.1,18.7,13.53,67.8,1.34,2.91,4.246721353,3.630177515,-4.882642998,NA,0.72,n,y
MT057,O2S,y,f,4,33.2,3.9,17.5,8.512820513,O2,f105,0.538,0.1621,0.1393,0.0398,0.0228,0.0996,69.9,14,24.53,61.42,0.9,2.36,3.261306292,4.368421053,-4.14439946,NA,0.61,n,y
MT062,O3L,y,m,3,51.6,20.5,22.2,2.517073171,O3,f107,1.6613,0.6356,0.3699,0.069,0.2657,0.3009,61.7,41.8,10.85,47.35,10.52,7.13,17.65386617,1.132480241,-1.38459293,0.0041,1.78,y,y
MT061,O3M,y,m,3,51.6,20.5,22.2,2.517073171,O3,f115,1.4801,0.4973,0.318,0.0703,0.1793,0.2477,66.4,36.1,14.14,49.8,7.1,5.87,12.97066261,1.381483547,-1.135589624,0.0059,1.61,y,y
MT063,O3S,y,m,3,51.6,20.5,22.2,2.517073171,O3,f106,0.3866,0.1178,0.0846,0.0137,0.0332,0.0708,69.5,28.2,11.67,60.14,1.32,1.68,2.994146882,2.13253012,-0.384543051,0.0035,0.46,y,y
MT066,O4L,y,f,2,59.3,13,20.2,4.561538462,O4,f102,1.2406,0.4266,0.2882,0.0703,0.1384,0.2179,65.6,32.5,16.47,51.08,5.48,5.16,10.64626513,1.574421965,-2.987116497,NA,1.35,n,y
MT064,O4M,y,f,2,59.3,13,20.2,4.561538462,O4,f115,0.8868,0.2511,0.2078,0.0556,0.0433,0.1522,71.7,17.2,22.14,60.61,1.71,3.61,5.321660652,3.515011547,-1.046526915,NA,0.99,n,y
MT133,O5L,y,m,1,67.5,6.6,19.3,10.22727273,O5,f106,0.708,0.1921,0.1677,0.0429,0.0244,0.1248,72.9,12.7,22.34,64.96,0.97,2.96,3.923270789,5.114754098,-5.112518629,NA,0.77,n,y
MT135,O5M,y,m,1,67.5,6.6,19.3,10.22727273,O5,f105,0.7102,0.2031,0.1613,0.0285,0.0418,0.1328,71.4,20.6,14.03,65.39,1.66,3.15,4.80264,3.177033493,-7.050239234,NA,0.76,n,y
MT134,O5S,y,m,1,67.5,6.6,19.3,10.22727273,O5,f107,0.583,0.1794,0.1262,0.0183,0.0532,0.1079,69.2,29.7,10.2,60.14,2.11,2.56,4.663953096,2.028195489,-8.199077238,0.0048,0.69,y,y
MT060,O6L,y,f,1,67.5,6.6,19.3,10.22727273,O6,f105,1.2551,0.3978,0.2912,0.0567,0.1066,0.2345,68.3,26.8,14.25,58.94,4.22,5.56,9.779640621,2.199812383,-8.027460344,NA,1.35,n,y
MT058,O6M,y,f,1,67.5,6.6,19.3,10.22727273,O6,f102,0.9809,0.2801,0.2165,0.0363,0.0636,0.1801,71.4,22.7,12.97,64.32,2.52,4.27,6.789063163,2.831761006,-7.395511721,NA,1.09,n,y
MT059,O6S,y,f,1,67.5,6.6,19.3,10.22727273,O6,f115,0.8358,0.254,0.2018,0.0461,0.0522,0.1557,69.6,20.6,18.14,61.31,2.07,3.69,5.757629371,2.982758621,-7.244514106,NA,0.9,n,y
MT142,O7L,y,m,2,59.3,13,20.2,4.561538462,O7,f106,0.9557,0.3322,0.2217,0.0406,0.1105,0.1811,65.2,33.3,12.22,54.52,4.38,4.29,8.668021518,1.638914027,-2.922624435,0.0127,1.09,y,y
MT143,O7M,y,m,2,59.3,13,20.2,4.561538462,O7,f107,0.6013,0.1919,0.1452,0.0368,0.0467,0.1084,68.1,24.3,19.16,56.5,1.85,2.57,4.419554576,2.321199143,-2.240339319,0.003,0.69,y,y
MT144,O7S,y,m,2,59.3,13,20.2,4.561538462,O7,f105,0.4151,0.125,0.0874,0.0085,0.0376,0.0789,69.9,30,6.83,63.13,1.49,1.87,3.357289157,2.098404255,-2.463134207,NA,0.41,n,y
MT109,O8L,y,f,3,51.6,20.5,22.2,2.517073171,O8,f107,1.3678,0.4602,0.3062,0.074,0.154,0.2322,66.4,33.5,16.07,50.46,6.1,5.5,11.60264163,1.507792208,-1.009280963,NA,1.47,n,y
MT110,O8M,y,f,3,51.6,20.5,22.2,2.517073171,O8,f105,1.0478,0.377,0.2392,0.0505,0.1378,0.1887,64,36.6,13.41,50.04,5.46,4.47,9.927996528,1.369375907,-1.147697264,NA,1.15,n,y
MT111,O8S,y,f,3,51.6,20.5,22.2,2.517073171,O8,f112,0.8103,0.2826,0.1838,0.0368,0.0988,0.147,65.1,35,13.02,52.02,3.91,3.48,7.396457638,1.487854251,-1.02921892,NA,0.9,n,y
MT079,O9L,y,m,4,33.2,3.9,17.5,8.512820513,O9,f107,1.0913,0.3461,0.2443,0.0372,0.1018,0.2071,68.3,29.4,10.76,59.83,4.03,4.91,8.938526125,2.034381139,-6.478439374,NA,1.19,n,y
MT080,O9S,y,m,4,33.2,3.9,17.5,8.512820513,O9,f115,0.7462,0.2456,0.2033,0.0498,0.0423,0.1535,67.1,17.2,20.28,62.51,1.67,3.64,5.312520785,3.628841608,-4.883978905,NA,NA,n,y
MT014,P10L,y,m,1,67.5,6.6,19.3,10.22727273,P10,f119,1.164,0.3496,0.2669,0.048,0.0827,0.2188,70,23.7,13.74,62.59,3.28,5.19,8.462640489,2.645707376,-7.581565351,0.0104,1.3,y,y
MT013,P10S,n,m,1,67.5,6.6,19.3,10.22727273,P10,f107,0.4397,0.1131,0.1114,0.0358,0.0017,0.0756,74.3,1.5,31.67,66.87,0.07,1.79,1.857886497,44.47058824,34.24331551,0.0035,0.52,y,y
MT018,P11L,y,f,1,67.5,6.6,19.3,10.22727273,P11,f115,1.5018,0.4839,0.327,0.0558,0.1569,0.2711,67.8,32.4,11.54,56.03,6.21,6.43,12.64028904,1.727852135,-8.499420592,NA,1.62,n,y
MT016,P11M,y,f,1,67.5,6.6,19.3,10.22727273,P11,f107,0.7422,0.1791,0.1627,0.0417,0.0164,0.121,75.9,9.2,23.29,67.56,0.65,2.87,3.516731228,7.37804878,-2.849223947,NA,0.83,n,y
MT017,P11S,y,f,1,67.5,6.6,19.3,10.22727273,P11,f102,0.5921,0.1667,0.1364,0.0335,0.0303,0.1029,71.8,18.2,20.07,61.72,1.2,2.44,3.640191733,3.396039604,-6.831233123,NA,0.6,n,y
MT020,P12L,y,m,2,59.3,13,20.2,4.561538462,P12,f119,1.2601,0.3982,0.2806,0.055,0.1176,0.2256,68.4,29.5,13.81,56.66,4.66,5.35,10.0039023,1.918367347,-2.643171115,0.0052,1.37,y,y
MT019,P12M,y,m,2,59.3,13,20.2,4.561538462,P12,f107,0.4326,0.1089,0.0902,0.0196,0.0187,0.0706,74.8,17.2,17.96,64.87,0.74,1.67,2.41451515,3.77540107,-0.786137392,0.0046,0.5,y,y
MT021,P12S,y,m,2,59.3,13,20.2,4.561538462,P12,f115,0.2414,0.0745,0.0577,0.0132,0.0168,0.0445,69.1,22.6,17.72,59.73,0.67,1.05,1.71993,2.648809524,-1.912728938,0.001,0.28,y,y
MT026,P14L,y,m,4,33.2,3.9,17.5,8.512820513,P14,f119,0.6277,0.1946,0.1633,0.0681,0.0313,0.0951,69,16.1,35.01,48.88,1.24,2.25,3.495440179,3.038338658,-5.474481855,0.0034,0.71,y,y
MT025,P14M,n,m,4,33.2,3.9,17.5,8.512820513,P14,f107,0.5363,0.1254,0.1238,0.0338,0.0016,0.09,76.6,1.3,26.93,71.78,0.06,2.13,2.197292267,56.25,47.73717949,0.0038,0.64,y,y
MT027,P14S,y,m,4,33.2,3.9,17.5,8.512820513,P14,f115,0.1711,0.0502,0.0401,0.0079,0.0101,0.0322,70.7,20.2,15.73,64.11,0.4,0.76,1.163567177,3.188118812,-5.324701701,NA,0.21,n,y
MT028,P15S,y,f,5,31.2,19.2,21.5,1.625,P15,f107,0.7841,0.2598,0.1615,0.0258,0.0983,0.1357,66.9,37.8,9.92,52.24,3.89,3.22,7.10985313,1.380467955,-0.244532045,NA,NA,n,y
MT069,P1L,y,f,1,67.5,6.6,19.3,10.22727273,P1,f102,1.194,0.3569,0.2803,0.0553,0.0766,0.225,70.1,21.5,15.5,63.03,3.03,5.33,8.365314615,2.937336815,-7.289935912,NA,1.27,n,y
MT068,P1S,y,f,1,67.5,6.6,19.3,10.22727273,P1,f105,0.4836,0.1298,0.1187,0.0302,0.0111,0.0885,73.2,8.6,23.3,68.15,0.44,2.1,2.536026963,7.972972973,-2.254299754,NA,0.54,n,y
MT072,P3L,y,f,3,51.6,20.5,22.2,2.517073171,P3,f107,1.4662,0.5614,0.3256,0.0696,0.2358,0.256,61.7,42,12.39,45.6,9.34,6.07,15.40600609,1.085665818,-1.431407353,NA,1.57,n,y
MT070,P3M,y,f,3,51.6,20.5,22.2,2.517073171,P3,f115,1.3313,0.434,0.3058,0.0787,0.1282,0.2271,67.4,29.5,18.14,52.33,5.08,5.38,10.45806852,1.771450858,-0.745622313,NA,1.4,n,y
MT071,P3S,y,f,3,51.6,20.5,22.2,2.517073171,P3,f105,0.8933,0.3128,0.2095,0.0473,0.1033,0.1622,65,33,15.11,51.87,4.09,3.85,7.934925797,1.57018393,-0.946889241,NA,0.97,n,y
MT086,P4L,y,m,4,33.2,3.9,17.5,8.512820513,P4,f109,1.2064,0.3705,0.2716,0.051,0.0989,0.2205,69.3,26.7,13.77,59.53,3.92,5.23,9.144880477,2.229524772,-6.283295741,0.0031,1.4,n,y
MT085,P4M,y,m,4,33.2,3.9,17.5,8.512820513,P4,f112,1.106,0.3457,0.2656,0.0669,0.0801,0.1987,68.7,23.2,19.36,57.47,3.17,4.71,7.880033312,2.480649189,-6.032171324,0.0083,1.24,y,y
MT087,P4S,y,m,4,33.2,3.9,17.5,8.512820513,P4,f108,0.2422,0.0644,0.0564,0.0108,0.008,0.0455,73.4,12.5,16.8,70.72,0.32,1.08,1.397737997,5.6875,-2.825320513,0.0016,0.3,y,y
MT121,P5L,y,f,5,31.2,19.2,21.5,1.625,P5,f107,1.5781,0.5381,0.3547,0.0721,0.1834,0.2826,65.9,34.1,13.4,52.52,7.26,6.7,13.95990549,1.54089422,-0.08410578,NA,1.63,n,y
MT122,P5M,y,f,5,31.2,19.2,21.5,1.625,P5,f105,0.8231,0.253,0.1832,0.0524,0.0698,0.1308,69.3,27.6,20.7,51.7,2.76,3.1,5.865183541,1.873925501,0.248925501,NA,0.92,n,y
MT123,P5S,y,f,5,31.2,19.2,21.5,1.625,P5,f112,0.7461,0.2291,0.1577,0.0305,0.0714,0.1272,69.3,31.2,13.32,55.5,2.83,3.01,5.84239365,1.781512605,0.156512605,NA,0.8,n,y
MT002,P6L,y,m,5,31.2,19.2,21.5,1.625,P6,f119,1.1146,0.3309,0.2277,0.0376,0.1032,0.1901,70.3,31.2,11.36,57.45,4.09,4.51,8.592122256,1.842054264,0.217054264,0.0082,1.24,y,y
MT001,P6M,y,m,5,31.2,19.2,21.5,1.625,P6,f107,0.8383,0.2986,0.1873,0.0357,0.1113,0.1516,64.4,37.3,11.94,50.78,4.41,3.59,8.001760848,1.362084456,-0.262915544,0.0034,0.92,y,y
MT003,P6S,y,m,5,31.2,19.2,21.5,1.625,P6,f115,0.5922,0.2015,0.1361,0.0233,0.0654,0.1128,66,32.5,11.55,55.99,2.59,2.67,5.263889937,1.724770642,0.099770642,0.0042,0.65,y,y
MT004,P7L,y,f,4,33.2,3.9,17.5,8.512820513,P7,f107,0.8602,0.2349,0.1673,0.0244,0.0676,0.1429,72.7,28.8,10.39,60.83,2.68,3.39,6.06369,2.113905325,-6.398915188,NA,0.93,n,y
MT006,P7M,y,f,4,33.2,3.9,17.5,8.512820513,P7,f115,0.845,0.2166,0.1785,0.0471,0.0381,0.1314,74.4,17.6,21.76,60.65,1.51,3.11,4.622637998,3.448818898,-5.064001615,NA,0.9,n,y
MT005,P7S,y,f,4,33.2,3.9,17.5,8.512820513,P7,f102,0.6258,0.1668,0.1334,0.0224,0.0334,0.1109,73.3,20.1,13.43,66.51,1.32,2.63,3.953888577,3.320359281,-5.192461232,NA,0.71,n,y
MT007,P8L,y,m,3,51.6,20.5,22.2,2.517073171,P8,f107,1.2647,0.4444,0.273,0.0479,0.1714,0.2251,64.9,38.6,10.79,50.64,6.79,5.33,12.12164821,1.313302217,-1.203770954,0.0082,1.39,y,y
MT009,P8M,y,m,3,51.6,20.5,22.2,2.517073171,P8,f115,1.2601,0.4614,0.2803,0.0428,0.1811,0.2375,63.4,39.2,9.28,51.48,7.17,5.63,12.79973897,1.311430149,-1.205643022,0.0039,1.34,y,y
MT008,P8S,y,m,3,51.6,20.5,22.2,2.517073171,P8,f102,0.7818,0.2459,0.173,0.0383,0.0729,0.1347,68.5,29.7,15.57,54.77,2.89,3.19,6.079854647,1.847736626,-0.669336545,0.007,0.88,y,y
MT011,P9L,y,f,2,59.3,13,20.2,4.561538462,P9,f102,1.2808,0.3652,0.2747,0.0618,0.0905,0.213,71.5,24.8,16.91,58.31,3.58,5.05,8.630444017,2.35359116,-2.207947302,NA,1.36,n,y
MT010,P9M,y,f,2,59.3,13,20.2,4.561538462,P9,f107,0.9701,0.2991,0.2356,0.0567,0.0635,0.1789,69.2,21.2,18.94,59.83,2.51,4.24,6.755505266,2.817322835,-1.744215627,NA,1.05,n,y
MT012,P9S,y,f,2,59.3,13,20.2,4.561538462,P9,f115,0.65,0.1936,0.1586,0.0481,0.035,0.1106,70.2,18.1,24.83,57.11,1.38,2.62,4.004897878,3.16,-1.401538462,NA,0.72,n,y